{
    "https://docs.openvino.ai/latest/omz_demos_speech_recognition_quartznet_demo_python.html": {
        "chunks": [
            {
                "text": "This demo demonstrates Automatic Speech Recognition (ASR) with pretrained QuartzNet model.",
                "header": "Speech Recognition QuartzNet Python* Demo\u00b6",
                "page": 1,
                "preview_text": "[[{\"text\": \"<h1 data-uuid=\\\"8727a24e-8f47-4546-b44c-e96c2981c1c4\\\">Speech Recognition QuartzNet Python* Demo<a class=\\\"headerlink\\\" data-uuid=\\\"2c5caf5e-b49a-425d-a305-9283b2c1c20a\\\" href=\\\"https://docs.openvino.ai/latest/omz_demos_speech_recognition_quartznet_demo_python.html#speech-recognition-quartznet-python-demo\\\">\\u00b6</a></h1>\", \"keep\": true}, {\"text\": \"<p data-uuid=\\\"af223bd4-7721-4aa2-b049-f2fd0094b6ba\\\"><span class=\\\"target\\\" data-uuid=\\\"49444160-16bb-430c-86c0-533a2dffac1e\\\" id=\\\"doxid-omz-demos-speech-recognition-quartznet-demo-python-1md-open-model-zoo-demos-speech-recognition-quartznet-demo-python-readme\\\"></span> This demo demonstrates Automatic Speech Recognition (ASR) with pretrained QuartzNet model.</p>\", \"keep\": true}]]",
                "paragraph_number": 1,
                "chunk_headers": [
                    {
                        "rank": 10,
                        "header": "Speech Recognition QuartzNet Python* Demo \u2014 OpenVINO\u2122  documentation",
                        "text": "Speech Recognition QuartzNet Python* Demo \u2014 OpenVINO\u2122  documentation"
                    },
                    {
                        "rank": 7,
                        "header": "Speech Recognition QuartzNet Python* Demo\u00b6",
                        "text": "Speech Recognition QuartzNet Python* Demo\u00b6"
                    }
                ]
            },
            {
                "text": "After computing audio features, running a neural network to get character probabilities, and CTC greedy decoding, the demo prints the decoded text.",
                "header": "How It Works\u00b6",
                "page": 1,
                "preview_text": "[[{\"text\": \"<h2 data-uuid=\\\"13558581-122d-4256-8344-eba5ad6ce9c7\\\">How It Works<a class=\\\"headerlink\\\" data-uuid=\\\"361d36e9-e9a7-4138-b328-5dd5ce67929d\\\" href=\\\"https://docs.openvino.ai/latest/omz_demos_speech_recognition_quartznet_demo_python.html#how-it-works\\\">\\u00b6</a></h2>\", \"keep\": true}, {\"text\": \"<p data-uuid=\\\"43158e8c-04a5-4561-8d3e-1fa5ba56232c\\\">After computing audio features, running a neural network to get character probabilities, and CTC greedy decoding, the demo prints the decoded text.</p>\", \"keep\": true}]]",
                "paragraph_number": 2,
                "chunk_headers": [
                    {
                        "rank": 10,
                        "header": "Speech Recognition QuartzNet Python* Demo \u2014 OpenVINO\u2122  documentation",
                        "text": "Speech Recognition QuartzNet Python* Demo \u2014 OpenVINO\u2122  documentation"
                    },
                    {
                        "rank": 7,
                        "header": "Speech Recognition QuartzNet Python* Demo\u00b6",
                        "text": "Speech Recognition QuartzNet Python* Demo\u00b6"
                    },
                    {
                        "rank": 6,
                        "header": "How It Works\u00b6",
                        "text": "How It Works\u00b6"
                    }
                ]
            },
            {
                "text": "The list of models supported by the demo is in  <omz_dir>/demos/speech_recognition_quartznet_demo/python/models.lst  file. This file can be used as a parameter for  Model Downloader  and Converter to download and, if necessary, convert models to OpenVINO Inference Engine format (*.xml + *.bin).\nAn example of using the Model Downloader:\nAn example of using the Model Converter:",
                "header": "Preparing to Run\u00b6",
                "page": 1,
                "preview_text": "[[{\"text\": \"<h2 data-uuid=\\\"771b5c9d-de5c-4e7e-a20e-056f661ee860\\\">Preparing to Run<a class=\\\"headerlink\\\" data-uuid=\\\"d4df6bde-3e09-4656-8d8f-fd965aaaac72\\\" href=\\\"https://docs.openvino.ai/latest/omz_demos_speech_recognition_quartznet_demo_python.html#preparing-to-run\\\">\\u00b6</a></h2>\", \"keep\": true}, {\"text\": \"<p data-uuid=\\\"2f02728a-2dab-4d0e-922b-bc5c491f5daa\\\">The list of models supported by the demo is in <code class=\\\"docutils literal notranslate\\\" data-uuid=\\\"75e2ea02-f79e-4f7b-bb6d-2ad13848f131\\\"><span class=\\\"pre\\\" data-uuid=\\\"70a29466-d18d-433a-b4c7-7066bdb919fc\\\">&lt;omz_dir&gt;/demos/speech_recognition_quartznet_demo/python/models.lst</span></code> file. This file can be used as a parameter for <a class=\\\"reference internal\\\" data-uuid=\\\"014df7ff-5f99-48a1-9ff9-e04a00269f4f\\\" href=\\\"https://docs.openvino.ai/latest/omz_tools_downloader.html#doxid-omz-tools-downloader\\\"><span class=\\\"std std-ref\\\" data-uuid=\\\"31b859d8-6f61-467c-a194-60844e71714a\\\">Model Downloader</span></a> and Converter to download and, if necessary, convert models to OpenVINO Inference Engine format (*.xml + *.bin).</p>\", \"keep\": true}, {\"text\": \"<p data-uuid=\\\"e047ccab-50e7-47e9-8905-91fb4b6fb414\\\">An example of using the Model Downloader:</p>\", \"keep\": true}, {\"text\": \"<p data-uuid=\\\"1da74b55-a8f5-4f67-a55c-a773ecda3125\\\">An example of using the Model Converter:</p>\", \"keep\": true}]]",
                "paragraph_number": 3,
                "chunk_headers": [
                    {
                        "rank": 10,
                        "header": "Speech Recognition QuartzNet Python* Demo \u2014 OpenVINO\u2122  documentation",
                        "text": "Speech Recognition QuartzNet Python* Demo \u2014 OpenVINO\u2122  documentation"
                    },
                    {
                        "rank": 7,
                        "header": "Speech Recognition QuartzNet Python* Demo\u00b6",
                        "text": "Speech Recognition QuartzNet Python* Demo\u00b6"
                    },
                    {
                        "rank": 6,
                        "header": "Preparing to Run\u00b6",
                        "text": "Preparing to Run\u00b6"
                    }
                ]
            },
            {
                "text": "quartznet-15x5-en\nNote\nRefer to the tables  Intel\u2019s Pre-Trained Models Device Support  and  Public Pre-Trained Models Device Support  for the details on models inference support at different devices.",
                "header": "Supported Models\u00b6",
                "page": 1,
                "preview_text": "[[{\"text\": \"<h3 data-uuid=\\\"5be3013c-0790-41b7-bd24-5b7bd6496b8c\\\">Supported Models<a class=\\\"headerlink\\\" data-uuid=\\\"a6c31f06-c334-445f-9492-9bfa4cd36e09\\\" href=\\\"https://docs.openvino.ai/latest/omz_demos_speech_recognition_quartznet_demo_python.html#supported-models\\\">\\u00b6</a></h3>\", \"keep\": true}, {\"text\": \"<p data-uuid=\\\"5e87fd32-b5ba-4982-8d03-2c733eabf369\\\">quartznet-15x5-en</p>\", \"keep\": true}, {\"text\": \"<p class=\\\"admonition-title\\\" data-uuid=\\\"0a31222c-9760-4236-9ad6-e7356be9c37c\\\">Note</p>\", \"keep\": true}, {\"text\": \"<p data-uuid=\\\"49e0488a-8c80-484c-b091-e682182ebc30\\\">Refer to the tables <a class=\\\"reference internal\\\" data-uuid=\\\"2e9e26e7-3193-4612-9003-7053d1bfe144\\\" href=\\\"https://docs.openvino.ai/latest/omz_models_intel_device_support.html#doxid-omz-models-intel-device-support\\\"><span class=\\\"std std-ref\\\" data-uuid=\\\"c4216fd1-7236-4763-81b0-14d13035b926\\\">Intel\\u2019s Pre-Trained Models Device Support</span></a> and <a class=\\\"reference internal\\\" data-uuid=\\\"2440bb55-8bbd-42cd-bda4-959297ec3d2b\\\" href=\\\"https://docs.openvino.ai/latest/omz_models_public_device_support.html#doxid-omz-models-public-device-support\\\"><span class=\\\"std std-ref\\\" data-uuid=\\\"3cb64359-bc9b-4787-a33d-80ed73f9e069\\\">Public Pre-Trained Models Device Support</span></a> for the details on models inference support at different devices.</p>\", \"keep\": true}]]",
                "paragraph_number": 4,
                "chunk_headers": [
                    {
                        "rank": 10,
                        "header": "Speech Recognition QuartzNet Python* Demo \u2014 OpenVINO\u2122  documentation",
                        "text": "Speech Recognition QuartzNet Python* Demo \u2014 OpenVINO\u2122  documentation"
                    },
                    {
                        "rank": 7,
                        "header": "Speech Recognition QuartzNet Python* Demo\u00b6",
                        "text": "Speech Recognition QuartzNet Python* Demo\u00b6"
                    },
                    {
                        "rank": 6,
                        "header": "Preparing to Run\u00b6",
                        "text": "Preparing to Run\u00b6"
                    },
                    {
                        "rank": 5,
                        "header": "Supported Models\u00b6",
                        "text": "Supported Models\u00b6"
                    }
                ]
            },
            {
                "text": "Run the application with  -h  option to see help message.\nThe typical command line is:\nNote\nOnly 16-bit, 16 kHz, mono-channel WAVE audio files are supported.\nAn example audio file can be taken from  <openvino_dir>/deployment_tools/demo/how_are_you_doing.wav .",
                "header": "Running Demo\u00b6",
                "page": 1,
                "preview_text": "[[{\"text\": \"<h2 data-uuid=\\\"7223ea53-0800-4b2b-89ec-e0a8d4ffb52a\\\">Running Demo<a class=\\\"headerlink\\\" data-uuid=\\\"0788780c-4ce1-4821-ba02-986c97069170\\\" href=\\\"https://docs.openvino.ai/latest/omz_demos_speech_recognition_quartznet_demo_python.html#running-demo\\\">\\u00b6</a></h2>\", \"keep\": true}, {\"text\": \"<p data-uuid=\\\"2601ef3d-4dc4-442f-b341-cae859872c22\\\">Run the application with <code class=\\\"docutils literal notranslate\\\" data-uuid=\\\"10823d8e-dfaa-4101-95a4-15a0971e5ce2\\\"><span class=\\\"pre\\\" data-uuid=\\\"9671687a-f203-4564-9108-47cea0574c3f\\\">-h</span></code> option to see help message.</p>\", \"keep\": true}, {\"text\": \"<p data-uuid=\\\"a7bccbb8-6d94-4721-a43a-4b6d4006f98c\\\">The typical command line is:</p>\", \"keep\": true}, {\"text\": \"<p class=\\\"admonition-title\\\" data-uuid=\\\"e6175181-c31f-4b78-8db3-9f006f4651ec\\\">Note</p>\", \"keep\": true}, {\"text\": \"<p data-uuid=\\\"5018fc16-154a-4c58-b7b0-e670ac8eb7a4\\\">Only 16-bit, 16 kHz, mono-channel WAVE audio files are supported.</p>\", \"keep\": true}, {\"text\": \"<p data-uuid=\\\"464d8623-aa67-42bf-b7ba-6a96182b15b5\\\">An example audio file can be taken from <code class=\\\"docutils literal notranslate\\\" data-uuid=\\\"7d92b9fa-0f7d-45b7-a285-05bc0459869b\\\"><span class=\\\"pre\\\" data-uuid=\\\"0392581c-7b40-4023-a231-8259d78c6dc5\\\">&lt;openvino_dir&gt;/deployment_tools/demo/how_are_you_doing.wav</span></code>.</p>\", \"keep\": true}]]",
                "paragraph_number": 5,
                "chunk_headers": [
                    {
                        "rank": 10,
                        "header": "Speech Recognition QuartzNet Python* Demo \u2014 OpenVINO\u2122  documentation",
                        "text": "Speech Recognition QuartzNet Python* Demo \u2014 OpenVINO\u2122  documentation"
                    },
                    {
                        "rank": 7,
                        "header": "Speech Recognition QuartzNet Python* Demo\u00b6",
                        "text": "Speech Recognition QuartzNet Python* Demo\u00b6"
                    },
                    {
                        "rank": 6,
                        "header": "Running Demo\u00b6",
                        "text": "Running Demo\u00b6"
                    }
                ]
            },
            {
                "text": "The application prints the decoded text for the audio file.",
                "header": "Demo Output\u00b6",
                "page": 1,
                "preview_text": "[[{\"text\": \"<h2 data-uuid=\\\"2ebe8f57-56dc-4d9c-a4a2-375096a69e06\\\">Demo Output<a class=\\\"headerlink\\\" data-uuid=\\\"71f5fc14-3f69-4bb1-aebf-d53037bdf6b4\\\" href=\\\"https://docs.openvino.ai/latest/omz_demos_speech_recognition_quartznet_demo_python.html#demo-output\\\">\\u00b6</a></h2>\", \"keep\": true}, {\"text\": \"<p data-uuid=\\\"50384357-4cb8-4b8e-ba96-72ea773ab3ec\\\">The application prints the decoded text for the audio file.</p>\", \"keep\": true}]]",
                "paragraph_number": 6,
                "chunk_headers": [
                    {
                        "rank": 10,
                        "header": "Speech Recognition QuartzNet Python* Demo \u2014 OpenVINO\u2122  documentation",
                        "text": "Speech Recognition QuartzNet Python* Demo \u2014 OpenVINO\u2122  documentation"
                    },
                    {
                        "rank": 7,
                        "header": "Speech Recognition QuartzNet Python* Demo\u00b6",
                        "text": "Speech Recognition QuartzNet Python* Demo\u00b6"
                    },
                    {
                        "rank": 6,
                        "header": "Demo Output\u00b6",
                        "text": "Demo Output\u00b6"
                    }
                ]
            },
            {
                "text": "Open Model Zoo Demos\nModel Optimizer\nModel Downloader",
                "header": "See Also\u00b6",
                "page": 1,
                "preview_text": "[[{\"text\": \"<h2 data-uuid=\\\"49c44c8a-433f-4802-a6d6-5e647149f462\\\">See Also<a class=\\\"headerlink\\\" data-uuid=\\\"0cb54821-f397-455c-bd0d-85173eb45a6d\\\" href=\\\"https://docs.openvino.ai/latest/omz_demos_speech_recognition_quartznet_demo_python.html#see-also\\\">\\u00b6</a></h2>\", \"keep\": true}, {\"text\": \"<p data-uuid=\\\"79b76124-3d45-40ec-9ebb-0cd9907dd341\\\"><a class=\\\"reference internal\\\" data-uuid=\\\"ae8209c6-04c5-49a1-8231-38f476b7bc6f\\\" href=\\\"https://docs.openvino.ai/latest/omz_demos.html#doxid-omz-demos\\\"><span class=\\\"std std-ref\\\" data-uuid=\\\"a2568f8b-9ace-4b2d-b023-0bb4bcfd2171\\\">Open Model Zoo Demos</span></a></p>\", \"keep\": true}, {\"text\": \"<p data-uuid=\\\"559d6bf0-07c4-463d-aac0-b94f6c0cf949\\\"><a class=\\\"reference external\\\" data-uuid=\\\"dfa6e366-f64f-4a5c-8aa6-42a88eb521bb\\\" href=\\\"https://docs.openvinotoolkit.org/latest/_docs_MO_DG_Deep_Learning_Model_Optimizer_DevGuide.html\\\">Model Optimizer</a></p>\", \"keep\": true}, {\"text\": \"<p data-uuid=\\\"3d95efef-85f0-44dd-a6ff-0d2d99d2c640\\\"><a class=\\\"reference internal\\\" data-uuid=\\\"d396f19c-256b-43e4-9297-c412f7783d61\\\" href=\\\"https://docs.openvino.ai/latest/omz_tools_downloader.html#doxid-omz-tools-downloader\\\"><span class=\\\"std std-ref\\\" data-uuid=\\\"0395bc61-e082-4099-adb3-807b4db21b8d\\\">Model Downloader</span></a></p>\", \"keep\": true}]]",
                "paragraph_number": 7,
                "chunk_headers": [
                    {
                        "rank": 10,
                        "header": "Speech Recognition QuartzNet Python* Demo \u2014 OpenVINO\u2122  documentation",
                        "text": "Speech Recognition QuartzNet Python* Demo \u2014 OpenVINO\u2122  documentation"
                    },
                    {
                        "rank": 7,
                        "header": "Speech Recognition QuartzNet Python* Demo\u00b6",
                        "text": "Speech Recognition QuartzNet Python* Demo\u00b6"
                    },
                    {
                        "rank": 6,
                        "header": "See Also\u00b6",
                        "text": "See Also\u00b6"
                    }
                ]
            }
        ],
        "name": "Speech Recognition QuartzNet Python* Demo \u2014 OpenVINO\u2122  documentation",
        "document_type": "url",
        "url": "https://docs.openvino.ai/latest/omz_demos_speech_recognition_quartznet_demo_python.html",
        "parsing_template": 6
    }
}